query_id,method,rank,chunk_id,score
0,bm25,1,мтс-p017-c002,15.542868036011782
0,bm25,2,пао омз-p023-c002,15.499739391414433
0,bm25,3,пао омз-p023-c004,15.124377051405276
0,bm25,4,пао оак-p019-c003,14.060224509393713
0,bm25,5,мтс-p026-c001,13.63143322909398
0,bm25,6,россети-p089-c007,13.360782110676581
0,bm25,7,пао дом рф-p017-c005,13.226031015216666
0,bm25,8,пао омз-p026-c002,13.06791575716311
0,bm25,9,пао омз-p024-c003,12.914145100276478
0,bm25,10,транснефть-p036-c008,12.802956062837636
1,bm25,1,хэдхантер-p038-c001,24.180076635240265
1,bm25,2,хэдхантер-p037-c006,20.898303389916205
1,bm25,3,мтс-p018-c001,19.228305300754055
1,bm25,4,хэдхантер-p029-c001,17.535388359047047
1,bm25,5,газпром-p018-c003,17.132329273466173
1,bm25,6,хэдхантер-p049-c001,17.026743962079575
1,bm25,7,хэдхантер-p053-c001,17.026743962079575
1,bm25,8,хэдхантер-p040-c001,17.026743962079575
1,bm25,9,хэдхантер-p011-c001,16.48799978810759
1,bm25,10,хэдхантер-p030-c001,16.11587738731356
2,bm25,1,пао дом рф-p020-c007,22.479102047546508
2,bm25,2,пао югк-p015-c005,21.029227402281116
2,bm25,3,пао югк-p015-c003,20.900951143603262
2,bm25,4,пао югк-p044-c003,20.7517245560013
2,bm25,5,пао югк-p056-c007,20.412768017807583
2,bm25,6,пао омз-p059-c003,20.302093378926998
2,bm25,7,русагро-p050-c004,19.75186057155562
2,bm25,8,т технологии-p034-c002,19.69992173089767
2,bm25,9,инарктика-p030-c003,19.30105692259248
2,bm25,10,т технологии-p131-c003,19.193150278878836
3,bm25,1,пао омз-p059-c003,34.768057959570235
3,bm25,2,русагро-p032-c004,33.052986832752964
3,bm25,3,пао омз-p060-c003,32.95036821971509
3,bm25,4,русагро-p032-c005,31.11102146572967
3,bm25,5,пао афк система-p100-c007,30.95445836030825
3,bm25,6,мтс-p089-c004,30.85192601890955
3,bm25,7,транснефть-p007-c006,30.677826657482246
3,bm25,8,мтс-p017-c003,30.65003393758314
3,bm25,9,мтс-p016-c003,30.274244897552414
3,bm25,10,пао омз-p058-c005,30.233785618922816
4,bm25,1,фосагро-p044-c001,29.41843169136058
4,bm25,2,магнит-p065-c003,27.71923144865375
4,bm25,3,лукойл-p009-c006,27.176033748374714
4,bm25,4,газпром-p101-c002,26.264876368815123
4,bm25,5,транснефть-p029-c003,26.1283169980921
4,bm25,6,транснефть-p029-c001,25.908291850546284
4,bm25,7,норильский никель-p071-c006,25.348321305147913
4,bm25,8,лукойл-p030-c006,25.303536366594244
4,bm25,9,лукойл-p031-c002,25.199962442865942
4,bm25,10,пао дом рф-p020-c007,25.189755001209683
5,bm25,1,фосагро-p044-c001,35.49004620809426
5,bm25,2,лукойл-p030-c006,27.635203592205443
5,bm25,3,лукойл-p031-c002,27.517590539223587
5,bm25,4,пао дом рф-p020-c007,25.189755001209683
5,bm25,5,пао полюс-p047-c001,25.09547673089558
5,bm25,6,инарктика-p049-c007,24.899847236598912
5,bm25,7,газпром-p101-c002,24.809658861325175
5,bm25,8,транснефть-p029-c003,24.715241807322485
5,bm25,9,магнит-p065-c003,24.22256450210853
5,bm25,10,т технологии-p034-c002,23.642320484319903
6,bm25,1,магнит-p063-c006,24.611531430150205
6,bm25,2,тмк-p047-c006,23.709960018100997
6,bm25,3,пао дом рф-p010-c003,21.875458322315954
6,bm25,4,тмк-p045-c001,21.094755594769172
6,bm25,5,транснефть-p027-c001,20.87494112245038
6,bm25,6,пао дом рф-p041-c005,20.74936208054613
6,bm25,7,пао дом рф-p044-c005,20.542541761389753
6,bm25,8,магнит-p073-c004,20.239274628634888
6,bm25,9,пао дом рф-p010-c001,20.067066522899673
6,bm25,10,тмк-p045-c002,20.038890996333677
7,bm25,1,хэдхантер-p029-c005,27.13037771574886
7,bm25,2,тмк-p033-c004,25.185377409339996
7,bm25,3,хэдхантер-p040-c006,24.105020665970635
7,bm25,4,хэдхантер-p041-c001,22.495706429480826
7,bm25,5,хэдхантер-p038-c004,21.914071270226398
7,bm25,6,башинформсвязь-p048-c003,21.715581451635057
7,bm25,7,пао полюс-p033-c004,21.289109436218638
7,bm25,8,пао афк система-p042-c002,20.93673891425877
7,bm25,9,пао югк-p015-c002,20.708859218739285
7,bm25,10,фосагро-p024-c003,19.92534846458508
8,bm25,1,глобалтрак менеджмент-p046-c005,20.78444558284698
8,bm25,2,норильский никель-p050-c006,20.284342658043574
8,bm25,3,пао югк-p044-c003,20.19802784071216
8,bm25,4,пао омз-p065-c004,20.10827723660926
8,bm25,5,пао полюс-p025-c001,19.939417797956896
8,bm25,6,пао московская биржа бухгалтерская финансовая отчетность за 2024 обобщенная-p035-c008,19.47076811099184
8,bm25,7,хэдхантер-p037-c004,19.21461494578697
8,bm25,8,пао полюс-p014-c001,19.02832059325718
8,bm25,9,пао полюс-p039-c004,18.926502602720834
8,bm25,10,пао югк-p015-c005,18.73397348025664
9,bm25,1,норильский никель-p080-c002,21.274951301127782
9,bm25,2,газпром-p047-c006,20.18050834473823
9,bm25,3,тбанк-p096-c002,20.085289092637208
9,bm25,4,русгидро-p042-c009,19.78245546962804
9,bm25,5,пао полюс-p037-c001,19.282381177664757
9,bm25,6,тбанк-p060-c003,19.187141633179436
9,bm25,7,мтс-p035-c004,19.142246905128523
9,bm25,8,мтс-p017-c003,19.019651508426122
9,bm25,9,сбер-p023-c003,18.72457044411351
9,bm25,10,россети-p054-c005,18.682886621752772
10,bm25,1,пао омз-p023-c002,15.499739391414433
10,bm25,2,пао омз-p023-c004,15.124377051405276
10,bm25,3,пао оак-p019-c003,14.060224509393713
10,bm25,4,россети-p089-c007,13.360782110676581
10,bm25,5,пао дом рф-p017-c005,13.226031015216666
10,bm25,6,лента-p010-c001,13.202474531551204
10,bm25,7,пао омз-p026-c002,13.06791575716311
10,bm25,8,пао омз-p024-c003,12.914145100276478
10,bm25,9,лента-p010-c004,12.83370919123622
10,bm25,10,транснефть-p036-c008,12.802956062837636
11,bm25,1,пао славнефть янос-p008-c001,29.526214166816512
11,bm25,2,пао славнефть янос-p006-c003,28.66420993510384
11,bm25,3,пао славнефть янос-p006-c001,26.05295711902781
11,bm25,4,пао славнефть янос-p007-c001,26.05295711902781
11,bm25,5,пао славнефть янос-p001-c001,24.385924411669016
11,bm25,6,мтс-p018-c001,21.98526053362242
11,bm25,7,пао славнефть янос-p028-c001,21.186530279089467
11,bm25,8,пао славнефть янос-p013-c001,19.734474521754322
11,bm25,9,газпром-p098-c001,18.109853153994447
11,bm25,10,пао славнефть янос-p002-c001,17.865896317380333
12,bm25,1,русгидро-p048-c004,32.01446769939784
12,bm25,2,пао дом рф-p020-c007,22.479102047546508
12,bm25,3,русгидро-p067-c006,22.212724533580012
12,bm25,4,русгидро-p037-c007,20.70393288623474
12,bm25,5,пао омз-p059-c003,20.302093378926998
12,bm25,6,русгидро-p048-c003,20.209042235386004
12,bm25,7,м видео-p073-c001,20.020463594116134
12,bm25,8,русагро-p050-c004,19.75186057155562
12,bm25,9,т технологии-p034-c002,19.69992173089767
12,bm25,10,инарктика-p030-c003,19.30105692259248
13,bm25,1,пао омз-p059-c003,32.175428766896154
13,bm25,2,пао омз-p060-c003,30.129225022717538
13,bm25,3,русагро-p032-c004,29.717337090368314
13,bm25,4,русагро-p032-c005,28.636158262187514
13,bm25,5,мтс-p016-c003,27.909113208348767
13,bm25,6,транснефть-p007-c006,27.648656463924958
13,bm25,7,т технологии-p042-c002,27.6127470226084
13,bm25,8,пао омз-p058-c005,27.573825778708187
13,bm25,9,русгидро-p014-c004,27.27053064501508
13,bm25,10,пао ятэк-p044-c007,26.479234967926356
14,bm25,1,фосагро-p044-c001,31.611536668322703
14,bm25,2,магнит-p065-c003,27.71923144865375
14,bm25,3,лукойл-p009-c006,27.176033748374714
14,bm25,4,газпром-p101-c002,26.264876368815123
14,bm25,5,транснефть-p029-c003,26.1283169980921
14,bm25,6,норильский никель-p071-c006,25.348321305147913
14,bm25,7,лукойл-p030-c006,25.303536366594244
14,bm25,8,лукойл-p031-c002,25.199962442865942
14,bm25,9,пао дом рф-p020-c007,25.189755001209683
14,bm25,10,русгидро-p070-c005,25.031262028206182
15,bm25,1,фосагро-p044-c001,35.49004620809426
15,bm25,2,лукойл-p030-c006,27.635203592205443
15,bm25,3,лукойл-p031-c002,27.517590539223587
15,bm25,4,пао дом рф-p020-c007,25.189755001209683
15,bm25,5,инарктика-p049-c007,24.899847236598912
15,bm25,6,газпром-p101-c002,24.809658861325175
15,bm25,7,транснефть-p029-c003,24.715241807322485
15,bm25,8,магнит-p065-c003,24.22256450210853
15,bm25,9,т технологии-p034-c002,23.642320484319903
15,bm25,10,инарктика-p054-c006,23.427774610668763
16,bm25,1,ашинский металлургический завод-p011-c001,30.034729860854796
16,bm25,2,ашинский металлургический завод-p001-c001,27.719421824281174
16,bm25,3,ашинский металлургический завод-p039-c001,27.084367978508265
16,bm25,4,ашинский металлургический завод-p034-c001,26.36379649433284
16,bm25,5,ашинский металлургический завод-p031-c001,25.71066477316562
16,bm25,6,ашинский металлургический завод-p050-c001,25.71066477316562
16,bm25,7,ашинский металлургический завод-p041-c001,25.614922953911208
16,bm25,8,ашинский металлургический завод-p009-c001,25.461243144343012
16,bm25,9,ашинский металлургический завод-p048-c001,24.788015608089403
16,bm25,10,ашинский металлургический завод-p053-c001,24.619047457831105
17,bm25,1,ашинский металлургический завод-p011-c001,32.655196467297685
17,bm25,2,ашинский металлургический завод-p032-c001,28.51074108392215
17,bm25,3,ашинский металлургический завод-p033-c001,27.97803332960677
17,bm25,4,ашинский металлургический завод-p034-c001,27.926921164594027
17,bm25,5,ашинский металлургический завод-p001-c001,27.719421824281174
17,bm25,6,ашинский металлургический завод-p009-c001,26.96877252187518
17,bm25,7,ашинский металлургический завод-p017-c001,26.861308912537734
17,bm25,8,ашинский металлургический завод-p036-c001,25.359388957965884
17,bm25,9,ашинский металлургический завод-p052-c001,25.237894482979655
17,bm25,10,ашинский металлургический завод-p031-c001,25.195054617351403
18,bm25,1,пао оак-p029-c002,26.59914743786382
18,bm25,2,пао оак-p050-c002,26.334369416434665
18,bm25,3,глобалтрак менеджмент-p046-c005,20.78444558284698
18,bm25,4,норильский никель-p050-c006,20.284342658043574
18,bm25,5,пао югк-p044-c003,20.19802784071216
18,bm25,6,пао омз-p065-c004,20.10827723660926
18,bm25,7,пао московская биржа бухгалтерская финансовая отчетность за 2024 обобщенная-p035-c008,19.47076811099184
18,bm25,8,хэдхантер-p037-c004,19.21461494578697
18,bm25,9,пао югк-p015-c005,18.73397348025664
18,bm25,10,пао афк система-p061-c005,18.304827950378932
19,bm25,1,норильский никель-p080-c002,21.274951301127782
19,bm25,2,газпром-p047-c006,20.18050834473823
19,bm25,3,тбанк-p096-c002,20.085289092637208
19,bm25,4,русгидро-p042-c009,19.78245546962804
19,bm25,5,пао полюс-p037-c001,19.282381177664757
19,bm25,6,тбанк-p060-c003,19.187141633179436
19,bm25,7,сбер-p023-c003,18.72457044411351
19,bm25,8,россети-p054-c005,18.682886621752772
19,bm25,9,пао оак-p024-c006,18.544309586643873
19,bm25,10,россети-p025-c009,18.41300465381297
20,bm25,1,магнит-p014-c001,16.42396546154111
20,bm25,2,пао омз-p023-c002,15.499739391414433
20,bm25,3,пао омз-p023-c004,15.124377051405276
20,bm25,4,пао оак-p019-c003,14.060224509393713
20,bm25,5,россети-p089-c007,13.360782110676581
20,bm25,6,пао дом рф-p017-c005,13.226031015216666
20,bm25,7,пао омз-p026-c002,13.06791575716311
20,bm25,8,пао омз-p024-c003,12.914145100276478
20,bm25,9,магнит-p057-c006,12.866811466568517
20,bm25,10,транснефть-p036-c008,12.802956062837636
21,bm25,1,газпром-p018-c003,21.990526011167766
21,bm25,2,озон-p013-c005,21.22896388976404
21,bm25,3,мтс-p018-c001,19.228305300754055
21,bm25,4,озон-p061-c004,15.841056267651828
21,bm25,5,хэдхантер-p038-c001,15.827174279754477
21,bm25,6,россети-p076-c001,14.67686944219049
21,bm25,7,лента-p007-c003,14.401008622643241
21,bm25,8,россети-p068-c001,14.214859338473266
21,bm25,9,русагро-p056-c003,13.956540369495182
21,bm25,10,русагро-p052-c001,13.801425051409332
22,bm25,1,глобалтрак менеджмент-p054-c001,22.64896253905403
22,bm25,2,пао дом рф-p020-c007,22.479102047546508
22,bm25,3,глобалтрак менеджмент-p044-c001,21.759006502451225
22,bm25,4,глобалтрак менеджмент-p018-c001,20.510493745627144
22,bm25,5,глобалтрак менеджмент-p055-c001,20.462011064851055
22,bm25,6,глобалтрак менеджмент-p043-c001,20.338960783688282
22,bm25,7,пао омз-p059-c003,20.302093378926998
22,bm25,8,глобалтрак менеджмент-p051-c001,19.873881742199742
22,bm25,9,русагро-p050-c004,19.75186057155562
22,bm25,10,глобалтрак менеджмент-p013-c001,19.517774204648944
23,bm25,1,пао омз-p059-c003,32.175428766896154
23,bm25,2,пао омз-p060-c003,30.129225022717538
23,bm25,3,русагро-p032-c004,29.717337090368314
23,bm25,4,русагро-p032-c005,28.636158262187514
23,bm25,5,мтс-p016-c003,27.909113208348767
23,bm25,6,транснефть-p007-c006,27.648656463924958
23,bm25,7,т технологии-p042-c002,27.6127470226084
23,bm25,8,пао омз-p058-c005,27.573825778708187
23,bm25,9,русгидро-p014-c004,27.27053064501508
23,bm25,10,пао ятэк-p044-c007,26.479234967926356
24,bm25,1,фосагро-p044-c001,29.41843169136058
24,bm25,2,магнит-p065-c003,27.71923144865375
24,bm25,3,газпром-p101-c002,26.264876368815123
24,bm25,4,транснефть-p029-c003,26.1283169980921
24,bm25,5,норильский никель-p071-c006,25.348321305147913
24,bm25,6,русгидро-p070-c005,25.031262028206182
24,bm25,7,инарктика-p049-c007,24.899847236598912
24,bm25,8,лукойл-p009-c006,24.01024156338275
24,bm25,9,эн-p069-c001,23.718343982337846
24,bm25,10,газпром-p124-c006,23.62656158408746
25,bm25,1,фосагро-p044-c001,33.29694123113214
25,bm25,2,лукойл-p030-c006,25.432689054098738
25,bm25,3,лукойл-p031-c002,25.329243313001832
25,bm25,4,инарктика-p049-c007,24.899847236598912
25,bm25,5,газпром-p101-c002,24.809658861325175
25,bm25,6,транснефть-p029-c003,24.715241807322485
25,bm25,7,магнит-p065-c003,24.22256450210853
25,bm25,8,инарктика-p054-c006,23.427774610668763
25,bm25,9,норильский никель-p071-c006,23.110456279253093
25,bm25,10,газпром-p126-c003,22.921308403483966
26,bm25,1,магнит-p063-c006,24.611531430150205
26,bm25,2,магнит-p073-c004,20.239274628634888
26,bm25,3,тмк-p047-c006,20.004463749989842
26,bm25,4,пао омз-p058-c006,18.486298828117768
26,bm25,5,магнит-p063-c004,17.26228081408917
26,bm25,6,транснефть-p027-c001,17.215326239752137
26,bm25,7,т технологии-p004-c012,16.7925036123886
26,bm25,8,пао омз-p052-c005,16.70291351839043
26,bm25,9,инарктика-p030-c005,16.593206444497152
26,bm25,10,транснефть-p027-c007,16.532269322470185
27,bm25,1,тмк-p033-c004,25.185377409339996
27,bm25,2,башинформсвязь-p048-c003,21.715581451635057
27,bm25,3,пао полюс-p033-c004,21.289109436218638
27,bm25,4,пао афк система-p042-c002,20.93673891425877
27,bm25,5,пао югк-p015-c002,20.708859218739285
27,bm25,6,хэдхантер-p029-c005,20.443530574397357
27,bm25,7,газпром-p102-c001,20.327343920420077
27,bm25,8,фосагро-p024-c003,19.92534846458508
27,bm25,9,пао оак-p040-c001,19.86841621603516
27,bm25,10,газпром-p053-c006,19.800293636760017
28,bm25,1,норильский никель-p050-c006,20.284342658043574
28,bm25,2,пао омз-p065-c004,20.10827723660926
28,bm25,3,пао московская биржа бухгалтерская финансовая отчетность за 2024 обобщенная-p035-c008,19.47076811099184
28,bm25,4,хэдхантер-p037-c004,19.21461494578697
28,bm25,5,пао афк система-p061-c005,18.304827950378932
28,bm25,6,пао оак-p029-c001,18.230262630763658
28,bm25,7,пао московская биржа бухгалтерская финансовая отчетность за 2024 обобщенная-p035-c006,17.79875290730332
28,bm25,8,россети-p067-c002,16.905123664999305
28,bm25,9,пао югк-p044-c003,16.858916924657873
28,bm25,10,хэдхантер-p054-c006,16.70373040472351
29,bm25,1,норильский никель-p080-c002,21.274951301127782
29,bm25,2,газпром-p047-c006,20.18050834473823
29,bm25,3,тбанк-p096-c002,20.085289092637208
29,bm25,4,русгидро-p042-c009,19.78245546962804
29,bm25,5,пао полюс-p037-c001,19.282381177664757
29,bm25,6,тбанк-p060-c003,19.187141633179436
29,bm25,7,сбер-p023-c003,18.72457044411351
29,bm25,8,россети-p054-c005,18.682886621752772
29,bm25,9,пао оак-p024-c006,18.544309586643873
29,bm25,10,россети-p025-c009,18.41300465381297
30,bm25,1,пао омз-p023-c002,15.499739391414433
30,bm25,2,пао омз-p023-c004,15.124377051405276
30,bm25,3,пао оак-p019-c003,14.060224509393713
30,bm25,4,инарктика-p010-c001,14.046420497052111
30,bm25,5,инарктика-p001-c001,13.785593046854602
30,bm25,6,россети-p089-c007,13.360782110676581
30,bm25,7,пао дом рф-p017-c005,13.226031015216666
30,bm25,8,пао омз-p026-c002,13.06791575716311
30,bm25,9,пао омз-p024-c003,12.914145100276478
30,bm25,10,инарктика-p003-c001,12.89384865741006
31,bm25,1,газпром-p018-c003,21.990526011167766
31,bm25,2,европлан-p005-c001,20.173076465284176
31,bm25,3,мтс-p018-c001,19.228305300754055
31,bm25,4,европлан-p001-c001,18.25179540905243
31,bm25,5,европлан-p012-c001,17.949955929635763
31,bm25,6,хэдхантер-p038-c001,15.827174279754477
31,bm25,7,европлан-p039-c001,15.520642750047438
31,bm25,8,европлан-p003-c002,15.28352520013019
31,bm25,9,россети-p076-c001,14.67686944219049
31,bm25,10,лента-p007-c003,14.401008622643241
32,bm25,1,эн-p058-c001,25.030706906475118
32,bm25,2,норильский никель-p012-c001,24.207452650541555
32,bm25,3,пао дом рф-p020-c007,22.479102047546508
32,bm25,4,эн-p058-c002,22.339235837995233
32,bm25,5,русал-p056-c005,20.612070823963816
32,bm25,6,пао омз-p059-c003,20.302093378926998
32,bm25,7,норильский никель-p042-c001,20.006438766588587
32,bm25,8,русагро-p050-c004,19.75186057155562
32,bm25,9,норильский никель-p001-c001,19.33930598001066
32,bm25,10,инарктика-p030-c003,19.30105692259248
33,bm25,1,пао омз-p059-c003,31.515607307138996
33,bm25,2,пао омз-p060-c003,30.682113256491398
33,bm25,3,русагро-p032-c004,29.717337090368314
33,bm25,4,пао московская биржа бухгалтерская финансовая отчетность за 2024 обобщенная-p037-c003,29.114434787336563
33,bm25,5,русагро-p032-c005,28.636158262187514
33,bm25,6,мтс-p016-c003,27.909113208348767
33,bm25,7,транснефть-p007-c006,27.648656463924958
33,bm25,8,т технологии-p042-c002,27.6127470226084
33,bm25,9,русгидро-p014-c004,27.27053064501508
33,bm25,10,пао омз-p058-c005,26.9216030212862
34,bm25,1,фосагро-p044-c001,29.41843169136058
34,bm25,2,магнит-p065-c003,27.71923144865375
34,bm25,3,газпром-p101-c002,26.264876368815123
34,bm25,4,транснефть-p029-c003,26.1283169980921
34,bm25,5,норильский никель-p071-c006,25.348321305147913
34,bm25,6,русгидро-p070-c005,25.031262028206182
34,bm25,7,инарктика-p049-c007,24.899847236598912
34,bm25,8,лукойл-p009-c006,24.01024156338275
34,bm25,9,эн-p069-c001,23.718343982337846
34,bm25,10,газпром-p124-c006,23.62656158408746
35,bm25,1,фосагро-p044-c001,33.29694123113214
35,bm25,2,лукойл-p030-c006,25.432689054098738
35,bm25,3,лукойл-p031-c002,25.329243313001832
35,bm25,4,инарктика-p049-c007,24.899847236598912
35,bm25,5,газпром-p101-c002,24.809658861325175
35,bm25,6,транснефть-p029-c003,24.715241807322485
35,bm25,7,магнит-p065-c003,24.22256450210853
35,bm25,8,инарктика-p054-c006,23.427774610668763
35,bm25,9,норильский никель-p071-c006,23.110456279253093
35,bm25,10,газпром-p126-c003,22.921308403483966
36,bm25,1,м видео-p079-c001,25.55875428397743
36,bm25,2,магнит-p063-c006,24.611531430150205
36,bm25,3,м видео-p017-c001,23.74312315197701
36,bm25,4,тмк-p047-c006,23.709960018100997
36,bm25,5,м видео-p018-c001,22.246115676129346
36,bm25,6,м видео-p054-c001,21.373651616536993
36,bm25,7,м видео-p003-c001,20.973855716717008
36,bm25,8,магнит-p073-c004,20.239274628634888
36,bm25,9,м видео-p059-c001,19.842959324800567
36,bm25,10,м видео-p001-c001,19.822010178973013
37,bm25,1,норильский никель-p050-c006,20.284342658043574
37,bm25,2,пао омз-p065-c004,20.10827723660926
37,bm25,3,пао московская биржа бухгалтерская финансовая отчетность за 2024 обобщенная-p035-c008,19.47076811099184
37,bm25,4,хэдхантер-p037-c004,19.21461494578697
37,bm25,5,пао югк-p044-c003,18.690187032175245
37,bm25,6,глобалтрак менеджмент-p046-c005,18.48948371619372
37,bm25,7,пао оак-p029-c001,18.230262630763658
37,bm25,8,пао московская биржа бухгалтерская финансовая отчетность за 2024 обобщенная-p035-c006,17.79875290730332
37,bm25,9,тбанк-p090-c005,17.657031361812052
37,bm25,10,т технологии-p131-c005,17.02772768500345
38,bm25,1,норильский никель-p080-c002,21.274951301127782
38,bm25,2,газпром-p047-c006,20.18050834473823
38,bm25,3,тбанк-p096-c002,20.085289092637208
38,bm25,4,русгидро-p042-c009,19.78245546962804
38,bm25,5,пао полюс-p037-c001,19.282381177664757
38,bm25,6,тбанк-p060-c003,19.187141633179436
38,bm25,7,сбер-p023-c003,18.72457044411351
38,bm25,8,россети-p054-c005,18.682886621752772
38,bm25,9,эн-p042-c003,18.441750026057456
38,bm25,10,россети-p025-c009,18.41300465381297
39,bm25,1,тмк-p033-c004,25.185377409339996
39,bm25,2,башинформсвязь-p048-c003,21.715581451635057
39,bm25,3,пао полюс-p033-c004,21.289109436218638
39,bm25,4,русал-p052-c001,20.969945949622296
39,bm25,5,хэдхантер-p029-c005,20.443530574397357
39,bm25,6,пао оак-p040-c001,19.86841621603516
39,bm25,7,газпром-p053-c006,19.800293636760017
39,bm25,8,фосагро-p026-c001,19.784450652099704
39,bm25,9,лукойл-p036-c005,19.77632094905619
39,bm25,10,тбанк-p070-c006,19.327510162591878
45,bm25,1,росинтер ресторантс холдинг-p017-c001,30.925065193044183
45,bm25,2,росинтер ресторантс холдинг-p004-c001,27.21327420582167
45,bm25,3,росинтер ресторантс холдинг-p079-c003,26.779610863021343
45,bm25,4,росинтер ресторантс холдинг-p070-c001,26.77625491016671
45,bm25,5,росинтер ресторантс холдинг-p003-c001,26.611511627560823
45,bm25,6,росинтер ресторантс холдинг-p001-c001,25.3381844759628
45,bm25,7,росинтер ресторантс холдинг-p013-c002,23.725964099836165
45,bm25,8,росинтер ресторантс холдинг-p079-c004,23.37755655049215
45,bm25,9,росинтер ресторантс холдинг-p002-c001,22.650522686614586
45,bm25,10,росинтер ресторантс холдинг-p015-c001,22.43774504388847
46,bm25,1,росинтер ресторантс холдинг-p003-c001,29.52293258297068
46,bm25,2,росинтер ресторантс холдинг-p017-c001,29.33398020802973
46,bm25,3,росинтер ресторантс холдинг-p004-c001,27.21327420582167
46,bm25,4,росинтер ресторантс холдинг-p079-c003,26.779610863021343
46,bm25,5,росинтер ресторантс холдинг-p001-c001,25.3381844759628
46,bm25,6,росинтер ресторантс холдинг-p017-c006,25.277222037918378
46,bm25,7,росинтер ресторантс холдинг-p062-c001,23.93810547804113
46,bm25,8,росинтер ресторантс холдинг-p079-c004,23.37755655049215
46,bm25,9,росинтер ресторантс холдинг-p013-c002,23.02791069315303
46,bm25,10,росинтер ресторантс холдинг-p013-c001,22.908645656463943
47,bm25,1,росинтер ресторантс холдинг-p017-c001,33.528189061107405
47,bm25,2,росинтер ресторантс холдинг-p079-c003,30.459801955615237
47,bm25,3,росинтер ресторантс холдинг-p001-c001,29.764080670319878
47,bm25,4,росинтер ресторантс холдинг-p003-c001,27.95347494333622
47,bm25,5,росинтер ресторантс холдинг-p079-c004,27.375071567081264
47,bm25,6,росинтер ресторантс холдинг-p004-c001,27.21327420582167
47,bm25,7,росинтер ресторантс холдинг-p063-c001,26.144878565191096
47,bm25,8,росинтер ресторантс холдинг-p062-c001,24.960141323522716
47,bm25,9,росинтер ресторантс холдинг-p066-c001,24.79647057402746
47,bm25,10,росинтер ресторантс холдинг-p065-c001,24.55208497806551
48,bm25,1,пао омз-p059-c003,31.515607307138996
48,bm25,2,пао омз-p060-c003,30.682113256491398
48,bm25,3,русагро-p032-c004,29.717337090368314
48,bm25,4,пао московская биржа бухгалтерская финансовая отчетность за 2024 обобщенная-p037-c003,29.114434787336563
48,bm25,5,русагро-p032-c005,28.636158262187514
48,bm25,6,башинформсвязь-p046-c001,28.2343529499896
48,bm25,7,мтс-p016-c003,27.909113208348767
48,bm25,8,транснефть-p007-c006,27.648656463924958
48,bm25,9,т технологии-p042-c002,27.6127470226084
48,bm25,10,русгидро-p014-c004,27.27053064501508
49,bm25,1,росинтер ресторантс холдинг-p079-c003,35.53577452393258
49,bm25,2,росинтер ресторантс холдинг-p003-c001,31.200299544044263
49,bm25,3,росинтер ресторантс холдинг-p017-c001,30.066010377084943
49,bm25,4,росинтер ресторантс холдинг-p001-c001,29.764080670319878
49,bm25,5,фосагро-p044-c001,29.41843169136058
49,bm25,6,магнит-p065-c003,27.71923144865375
49,bm25,7,росинтер ресторантс холдинг-p079-c004,27.375071567081264
49,bm25,8,росинтер ресторантс холдинг-p004-c001,27.21327420582167
49,bm25,9,росинтер ресторантс холдинг-p063-c001,26.35509213064037
49,bm25,10,газпром-p101-c002,26.264876368815123
50,bm25,1,фосагро-p044-c001,33.29694123113214
50,bm25,2,росинтер ресторантс холдинг-p079-c003,33.06562319946775
50,bm25,3,росинтер ресторантс холдинг-p003-c001,31.200299544044263
50,bm25,4,росинтер ресторантс холдинг-p017-c001,30.066010377084943
50,bm25,5,росинтер ресторантс холдинг-p001-c001,29.764080670319878
50,bm25,6,росинтер ресторантс холдинг-p079-c004,27.375071567081264
50,bm25,7,росинтер ресторантс холдинг-p004-c001,27.21327420582167
50,bm25,8,росинтер ресторантс холдинг-p063-c001,26.35509213064037
50,bm25,9,росинтер ресторантс холдинг-p054-c001,26.040103026568254
50,bm25,10,росинтер ресторантс холдинг-p057-c001,25.77851680730309
51,bm25,1,норильский никель-p050-c006,20.284342658043574
51,bm25,2,пао омз-p065-c004,20.10827723660926
51,bm25,3,пао московская биржа бухгалтерская финансовая отчетность за 2024 обобщенная-p035-c008,19.47076811099184
51,bm25,4,хэдхантер-p037-c004,19.21461494578697
51,bm25,5,пао югк-p044-c003,18.690187032175245
51,bm25,6,глобалтрак менеджмент-p046-c005,18.48948371619372
51,bm25,7,пао оак-p029-c001,18.230262630763658
51,bm25,8,пао московская биржа бухгалтерская финансовая отчетность за 2024 обобщенная-p035-c006,17.79875290730332
51,bm25,9,тбанк-p090-c005,17.657031361812052
51,bm25,10,т технологии-p131-c005,17.02772768500345
52,bm25,1,норильский никель-p080-c002,21.274951301127782
52,bm25,2,газпром-p047-c006,20.18050834473823
52,bm25,3,тбанк-p096-c002,20.085289092637208
52,bm25,4,русгидро-p042-c009,19.78245546962804
52,bm25,5,пао полюс-p037-c001,19.282381177664757
52,bm25,6,тбанк-p060-c003,19.187141633179436
52,bm25,7,сбер-p023-c003,18.72457044411351
52,bm25,8,россети-p054-c005,18.682886621752772
52,bm25,9,эн-p042-c003,18.441750026057456
52,bm25,10,россети-p025-c009,18.41300465381297
53,bm25,1,тмк-p033-c004,25.185377409339996
53,bm25,2,башинформсвязь-p048-c003,21.715581451635057
53,bm25,3,пао полюс-p033-c004,21.289109436218638
53,bm25,4,хэдхантер-p029-c005,20.443530574397357
53,bm25,5,пао оак-p040-c001,19.86841621603516
53,bm25,6,газпром-p053-c006,19.800293636760017
53,bm25,7,фосагро-p026-c001,19.784450652099704
53,bm25,8,лукойл-p036-c005,19.77632094905619
53,bm25,9,тбанк-p070-c006,19.327510162591878
53,bm25,10,ржд-p089-c004,19.24238497072151
